{
	"trend": {
		"name": "趋势分析",
		"fields": [{
			"id": "reportDate",
			"name": "日期",
			"valueType": 4,
			"nonMetrics": 1
		}, {
			"id": "useridCount",
			"name": "原始ID数",
			"valueType": 1
		}, {
			"id": "useidPerCapita",
			"name": "人均原始ID数",
			"valueType": 2
		}, {
			"id": "ccidCount",
			"name": "归并用户数",
			"valueType": 1
		}, {
			"id": "mergeRate",
			"name": "归并比例",
			"valueType": 5
		}, {
			"id": "pairedCcid",
			"name": "打通用户数",
			"valueType": 1
		}, {
			"id": "ccidOverlapRate",
			"name": "打通率",
			"valueType": 5
		}]
	},
	"idDistribution": {
		"name": "用户ID分布",
		"fields": [{
			"id": "userIdName",
			"name": "ID类型",
			"valueType": 3,
			"nonMetrics": 1
		}, {
			"id": "useridCount",
			"name": "原始ID数",
			"valueType": 1
		}, {
			"id": "useidPerCapita",
			"name": "人均原始ID数",
			"valueType": 2
		}, {
			"id": "ccidCount",
			"name": "归并用户数",
			"valueType": 1
		}, {
			"id": "mergeRate",
			"name": "归并比例",
			"valueType": 5
		}, {
			"id": "pairedCcid",
			"name": "打通用户数",
			"valueType": 1
		}, {
			"id": "ccidOverlapRate",
			"name": "打通率",
			"valueType": 5
		}]
	},
	"associationRatio": {
		"name": "重合分析",
		"fields": [{
			"id": "userIdName",
			"name": "ID类型1",
			"valueType": 3
		}, {
			"id": "contrastUserIdName",
			"name": "ID类型2",
			"valueType": 3
		}, {
			"id": "ccidCount",
			"name": "ID类型1的归并用户数",
			"valueType": 1
		}, {
			"id": "contrastCcidCount",
			"name": "ID类型2的归并用户数",
			"valueType": 1
		}, {
			"id": "overlapOrgIdRate",
			"name": "原始ID比例",
			"valueType": 3
		}, {
			"id": "pairedCcid",
			"name": "打通用户数",
			"valueType": 1
		}, {
			"id": "ccidOverlapRate",
			"name": "打通率",
			"valueType": 2
		}]
	},
	"idCountDistribution": {
		"name": "ID类型数量分布",
		"fields": [{
			"id": "userIdTypeCnt",
			"name": "ID类型数量",
			"valueType": 3
		}, {
			"id": "ccidCount",
			"name": "归并用户数",
			"valueType": 1
		}, {
			"id": "ccidCountRate",
			"name": "归并用户数占比",
			"valueType": 5
		}]
	}
}